45,46,46.1,46.2,46.3,46.4,40,41,42,43,44,45.1,50,50.1,50.2,50.3,50.4,40.1,40.2,40.3,40.4,40.5,40.6,40.7,40.8,40.9,41.1,42.1,43.1,60,60.1,60.2,60.3,60.4,60.5,70,70.1,70.2,70.3,70.4,50.5,50.6,40.10,40.11,40.12,40.13,40.14,40.15,40.16,40.17,40.18,40.19,40.20,40.21,40.22,40.23,40.24,40.25,40.26,40.27,40.28,40.29,40.30,40.31,40.32,40.33,40.34,40.35,40.36,40.37,40.38,40.39,40.40,40.41,40.42,50.7,50.8,50.9,50.10,50.11,50.12,50.13,50.14,50.15,50.16,50.17,50.18,50.19,50.20,50.21,50.22,50.23,50.24,50.25,50.26,40.43,41.2,42.2,43.2,44.1,45.2,46.5,46.6,46.7,46.8,46.9,45.3,46.10,46.11,46.12,46.13,46.14
90,90,90,90,90,90,90,90,90,90,90,90,90,90,90,90,90,90,90,90,90,90,90,90,90,90,90,90,90,90,90,90,90,90,90,90,90,90,90,90,90,90,90,90,90,90,90,90,90,90,90,90,90,90,90,90,90,90,90,90,90,90,90,90,90,90,90,90,90,90,90,90,90,90,90,90,90,90,90,90,90,90,90,90,90,90,90,90,90,90,90,90,90,90,90,90,90,90,90,90,90,90,90,90,90,90,90,90,90,90,90,90
90,90,90,90,90,90,90,90,90,90,90,90,90,90,90,90,90,90,90,90,90,90,90,90,90,90,90,90,90,90,90,90,90,90,90,90,90,90,90,90,90,90,90,90,90,90,90,90,90,90,90,90,90,90,90,90,90,90,90,90,90,90,90,90,90,90,90,90,90,90,90,90,90,90,90,90,90,90,90,90,90,90,90,90,90,90,90,90,90,90,90,90,90,90,90,90,90,90,90,90,90,90,90,90,90,90,90,90,90,90,90,90
90,90,90,90,90,90,90,90,90,90,90,90,90,90,90,90,90,90,90,90,90,90,90,90,90,90,90,90,90,90,90,90,90,90,90,90,91,92,93,94,90,90,90,90,90,90,90,90,90,90,90,90,90,90,90,90,90,90,90,90,90,90,90,90,90,90,90,90,90,90,90,90,90,90,90,90,90,90,90,90,90,90,90,90,90,90,90,90,90,90,90,90,90,90,90,90,90,90,90,90,90,90,90,90,90,90,90,90,90,90,90,90
90,90,90,90,90,90,90,90,90,90,90,90,90,90,90,90,90,90,90,90,90,90,90,90,90,90,90,90,90,90,90,90,91,92,93,94,95,96,96,96,90,90,90,90,90,90,90,90,90,90,90,90,90,90,90,90,90,90,90,90,90,90,90,90,90,90,90,90,90,90,90,90,90,90,90,90,90,90,90,90,90,90,90,90,90,90,90,90,90,90,90,90,90,90,90,90,90,90,90,90,90,90,90,90,90,90,90,90,90,90,90,90
90,90,90,90,90,90,90,91,92,90,90,90,90,90,90,90,90,90,90,90,90,90,90,90,90,90,90,90,90,90,90,90,90,90,90,90,90,90,90,90,90,90,90,90,90,90,90,90,90,90,90,90,90,90,90,90,90,90,90,90,90,90,90,90,90,90,90,90,90,90,90,90,90,90,90,90,90,90,90,90,90,90,90,90,90,90,90,90,90,90,90,90,90,90,90,90,90,90,90,90,90,90,90,90,90,90,90,90,90,90,90,90
90,90,90,90,90,90,90,90,90,90,90,90,90,90,90,90,90,90,90,90,90,90,90,90,90,90,90,90,90,90,90,90,90,90,90,90,90,91,92,93,90,90,90,90,90,90,90,90,90,90,90,90,90,90,90,90,90,90,90,90,90,90,90,90,90,90,90,90,90,90,90,90,90,90,90,90,90,90,90,90,90,90,90,90,90,90,90,90,90,90,90,90,90,90,90,90,90,90,90,90,90,90,90,90,90,90,90,90,90,90,90,90
90,90,90,90,90,90,90,90,90,90,90,90,90,90,90,90,90,90,90,90,90,90,90,90,90,90,90,90,90,90,90,90,90,90,90,90,90,90,90,90,90,90,90,90,90,90,90,90,90,90,90,90,90,90,90,90,90,90,90,90,90,90,90,90,90,90,90,90,90,90,90,90,90,90,90,-1,-1,-1,-1,90,90,90,90,90,90,90,90,90,90,90,90,90,90,90,90,90,90,90,90,90,90,90,90,90,90,90,90,90,90,90,90,90
90,90,90,90,90,90,90,90,90,90,90,90,90,90,90,90,-1,-1,90,90,90,90,90,90,90,90,90,90,90,90,90,90,90,90,90,90,90,90,90,90,90,90,90,90,90,90,90,90,90,90,90,90,90,90,90,90,90,90,90,90,90,90,90,90,90,90,90,90,90,90,90,90,90,90,90,-1,-1,-1,-1,-1,90,90,90,90,90,90,90,90,90,90,90,90,90,90,90,90,90,90,90,90,90,90,90,90,90,90,90,90,90,90,90,90
90,90,90,90,90,90,90,90,90,90,90,90,90,90,90,-1,-1,-1,-1,-1,-1,90,90,90,90,90,90,90,90,90,-1,-1,-1,90,90,90,90,90,90,90,90,90,90,90,90,90,90,90,90,90,90,90,90,90,90,90,90,90,90,90,90,90,90,90,90,90,90,90,90,90,90,90,90,90,90,90,90,-1,-1,-1,90,90,90,90,90,90,90,90,90,90,90,90,90,90,90,90,90,90,90,90,90,90,90,90,90,90,90,90,90,90,90,90
90,90,90,90,90,90,90,90,90,90,90,90,90,90,-1,-1,-1,-1,-1,-1,-1,-1,90,90,90,90,90,90,90,90,90,-1,-1,90,90,90,90,90,90,90,90,90,90,90,90,90,90,90,90,90,90,-1,-1,-1,-1,-1,-1,90,90,90,90,90,90,90,90,90,90,90,90,90,90,90,90,90,90,90,90,-1,-1,-1,90,90,90,90,90,90,90,90,90,90,90,90,90,90,90,90,90,90,90,90,90,90,90,90,90,90,90,90,90,90,90,90
90,90,90,90,90,90,90,90,90,90,90,90,90,90,90,-1,-1,-1,-1,-1,-1,-1,90,90,90,90,90,90,90,90,90,90,90,90,90,90,90,90,90,90,90,90,90,90,90,90,90,90,90,90,90,-1,-1,-1,-1,-1,-1,-1,90,90,90,90,90,90,90,90,90,90,90,90,90,90,90,90,90,90,90,90,90,90,90,90,90,90,90,90,90,90,90,90,90,90,90,90,90,90,90,90,90,90,90,90,90,90,90,90,90,90,90,90,90,90
90,90,90,90,90,90,90,90,90,90,90,90,90,90,90,90,90,90,-1,-1,-1,90,90,90,90,90,90,90,90,90,90,90,90,90,90,90,90,90,90,90,90,90,90,90,90,90,90,90,90,90,-1,-1,-1,-1,-1,-1,-1,90,90,90,90,90,90,90,90,90,90,90,90,90,90,90,90,90,90,90,90,90,90,90,90,90,90,90,90,90,90,90,90,90,90,90,90,90,90,90,90,90,90,90,90,90,90,90,90,90,90,90,90,90,90,90
90,90,90,90,90,90,90,90,90,90,90,90,90,90,90,90,90,90,90,90,90,90,90,90,90,90,90,90,90,90,90,90,90,90,90,90,90,90,90,90,90,90,90,90,90,90,90,90,90,90,90,-1,-1,-1,90,90,90,90,90,90,90,90,90,90,90,90,90,90,90,90,90,90,90,90,90,90,90,90,90,90,90,90,90,90,90,90,90,90,90,90,90,90,90,90,90,90,90,90,90,90,90,90,90,90,90,90,90,90,90,90,90,90
90,90,90,90,90,90,90,90,90,90,90,90,90,90,90,90,90,90,90,90,90,90,90,90,90,90,90,90,90,90,90,90,90,90,90,90,90,90,90,90,90,90,90,90,90,90,90,90,90,90,90,90,90,90,90,90,90,90,90,90,90,90,90,90,90,90,90,90,90,90,90,-1,90,90,90,90,90,90,90,90,90,90,90,90,90,90,90,90,90,90,90,90,90,90,90,90,90,90,90,90,90,90,90,90,90,90,90,90,90,90,90,90
90,90,90,90,90,90,90,90,90,90,90,90,90,90,90,90,90,90,90,90,90,90,90,90,90,-1,-1,-1,-1,90,90,90,90,90,90,90,90,90,90,90,90,90,90,90,90,90,90,90,90,90,90,90,90,90,90,90,90,90,90,90,90,90,90,90,90,90,90,90,90,90,-1,-1,-1,90,90,90,90,90,90,90,90,90,90,90,90,90,90,90,90,90,90,90,90,90,90,90,90,90,90,90,90,90,90,90,90,90,90,90,90,90,90,90
90,90,90,90,90,90,90,90,90,90,90,90,90,90,90,90,90,90,90,90,90,90,90,90,90,-1,-1,-1,-1,90,90,90,90,90,90,90,90,90,90,90,90,90,90,90,90,90,90,90,90,90,90,90,90,90,90,90,90,90,90,90,90,90,90,90,90,90,90,90,90,-1,-1,-1,-1,-1,90,90,90,90,90,90,90,90,90,90,90,90,90,90,90,90,90,90,90,90,90,90,90,90,90,90,90,90,90,90,90,90,90,90,90,90,90,90
90,90,90,90,90,90,90,90,90,90,90,90,90,90,90,90,90,90,90,90,90,90,90,90,90,90,-1,-1,90,90,90,90,90,90,90,90,90,90,90,90,-1,-1,-1,-1,90,90,90,90,90,90,90,90,90,90,90,90,90,90,90,90,90,90,90,90,90,90,90,90,90,90,90,-1,-1,-1,90,90,90,90,90,90,90,90,90,90,90,90,90,90,90,90,90,90,90,90,90,90,90,90,90,90,90,90,90,90,90,90,90,90,90,90,90,90
90,90,90,90,90,90,90,90,90,90,90,90,90,90,90,90,90,90,90,90,90,90,90,90,90,90,90,90,90,90,90,90,90,90,90,90,90,90,90,-1,-1,-1,-1,-1,90,90,90,90,90,90,90,90,90,90,90,90,90,90,90,90,90,90,90,90,90,90,90,90,90,90,90,90,90,90,90,90,90,90,90,90,90,90,90,90,90,90,90,90,90,90,90,90,90,90,90,90,90,90,90,90,90,90,90,90,90,90,90,90,90,90,90,90
90,90,90,90,96,96,90,90,90,90,90,90,90,90,90,90,90,90,90,90,90,90,90,90,90,90,90,90,90,90,90,90,90,90,90,90,90,90,90,90,90,90,90,90,90,90,90,90,90,90,90,90,90,90,90,90,90,90,90,90,90,90,90,90,90,90,90,90,90,90,90,90,90,90,90,90,90,90,90,90,90,90,90,90,90,90,90,90,90,90,90,90,90,90,90,90,90,90,90,90,90,90,90,90,96,96,90,90,90,90,96,96
90,90,90,90,90,90,90,90,90,90,90,90,90,90,90,90,90,90,90,90,90,90,90,90,90,90,90,90,90,90,90,90,90,90,90,90,96,90,90,90,90,90,90,90,90,90,90,90,90,90,90,90,90,90,90,90,90,90,90,90,90,90,90,90,90,90,90,90,90,90,90,90,90,90,90,90,90,90,90,90,90,90,90,90,90,90,90,90,90,90,90,90,90,90,90,90,90,90,90,90,90,90,90,90,90,90,90,90,90,90,90,90
90,90,96,96,90,90,90,90,90,90,90,90,90,90,90,90,90,90,90,90,90,90,90,90,90,90,90,90,90,90,90,90,90,90,90,90,96,96,96,90,90,90,90,90,90,90,90,90,90,90,90,90,90,90,90,90,90,90,90,90,90,90,90,90,90,90,90,90,90,90,90,90,90,90,90,90,90,90,90,90,90,90,90,90,90,90,90,90,90,90,90,90,90,90,90,90,90,90,90,90,90,90,96,96,90,90,90,90,96,96,90,90
96,96,90,90,90,90,90,90,90,90,90,90,90,90,90,90,90,90,90,90,90,90,90,90,90,90,90,90,90,90,90,90,90,90,90,90,93,94,95,90,90,90,90,90,90,90,90,90,90,90,90,90,90,90,90,90,90,90,90,90,90,90,90,90,90,90,90,90,90,90,90,90,90,90,90,90,90,90,90,90,90,90,90,90,90,-1,-1,-1,90,90,90,90,90,90,90,90,90,90,90,90,96,96,90,90,90,90,96,96,90,90,90,90
90,90,90,90,90,90,90,90,90,90,90,90,90,90,90,91,92,93,94,90,90,90,90,90,90,90,90,90,90,90,90,90,90,90,90,90,90,90,90,90,90,90,90,90,90,90,90,90,90,90,90,90,90,90,90,90,90,90,90,90,90,90,90,90,90,90,90,90,90,90,90,90,90,90,90,90,90,90,90,90,90,90,90,90,-1,-1,-1,-1,-1,-1,90,90,90,90,90,90,90,90,90,90,90,90,90,90,90,90,90,90,90,90,90,90
90,90,90,90,90,90,90,90,90,90,91,90,90,91,92,93,94,95,96,90,90,90,90,90,90,90,90,90,90,90,90,90,-1,-1,-1,90,90,90,90,90,90,90,90,90,90,90,90,90,90,90,90,90,90,90,90,90,90,90,90,90,90,90,90,90,90,90,90,90,90,90,90,90,90,90,90,90,90,90,90,90,90,90,90,90,-1,-1,-1,-1,-1,-1,90,90,90,90,90,90,90,90,90,90,90,90,90,90,90,90,90,90,90,90,90,90
90,90,90,90,90,90,90,90,90,90,90,90,91,92,93,94,90,90,90,90,90,90,90,90,90,90,90,90,90,90,90,-1,-1,-1,-1,-1,90,90,90,90,90,90,90,90,90,90,90,90,90,90,90,90,90,90,90,90,90,90,90,90,90,90,90,90,90,90,90,90,90,90,90,96,90,90,90,90,90,90,90,90,90,90,90,90,-1,90,90,90,90,90,90,90,90,90,90,90,90,90,90,90,90,90,90,90,90,90,90,90,90,90,90,90
90,90,90,90,90,90,90,90,90,90,91,92,90,91,92,90,90,90,90,90,90,90,90,90,90,90,90,90,90,90,90,90,-1,-1,-1,90,90,90,90,90,90,90,90,-1,90,90,90,90,90,90,90,90,90,90,90,90,90,90,90,90,90,90,90,90,90,90,90,90,90,90,90,-1,-1,-1,-1,90,90,90,90,90,90,90,90,90,90,90,90,90,90,90,90,90,90,90,90,90,90,90,90,90,90,90,90,90,90,90,90,90,90,90,90,90
90,90,90,90,90,90,90,90,90,91,92,93,94,95,90,90,90,90,90,90,90,90,90,90,90,90,90,90,90,90,90,90,90,90,90,90,90,90,90,90,90,90,-1,-1,-1,90,90,90,90,90,90,90,90,90,90,90,90,90,90,90,90,90,90,90,90,90,90,90,90,90,90,-1,-1,90,-1,-1,-1,-1,90,90,90,90,90,90,90,90,90,90,90,90,90,90,-1,-1,-1,-1,-1,-1,90,96,90,90,90,90,90,90,90,90,90,90,90,90
-1,-1,90,90,90,90,90,90,90,90,90,90,90,90,90,90,90,90,-1,-1,-1,-1,-1,-1,-1,90,90,90,90,90,90,90,90,90,90,90,90,90,90,90,90,90,-1,-1,-1,90,90,90,90,90,90,90,90,90,90,90,90,90,90,90,90,90,90,90,90,90,90,90,90,90,90,90,-1,-1,-1,-1,-1,-1,-1,-1,-1,90,90,90,90,90,90,90,90,90,90,90,90,-1,-1,-1,-1,-1,-1,-1,-1,-1,90,90,90,90,-1,-1,90,90,90,90
-1,-1,90,90,90,90,90,90,90,90,90,90,90,90,90,90,90,90,-1,-1,-1,-1,-1,-1,90,90,90,90,90,90,90,90,90,90,90,90,90,90,90,90,90,90,90,90,90,90,90,90,90,90,90,90,90,90,90,90,90,90,90,90,90,90,90,90,90,90,90,90,90,90,90,90,90,90,90,90,-1,-1,-1,-1,-1,-1,90,90,90,90,90,90,90,90,90,90,90,-1,-1,-1,-1,-1,-1,-1,-1,-1,90,90,90,90,-1,-1,90,90,90,90
90,-1,-1,90,90,90,90,90,90,90,90,90,90,90,90,90,90,90,90,-1,-1,-1,-1,-1,90,90,90,90,90,90,90,90,90,90,90,90,90,90,90,90,90,90,90,90,90,90,90,90,90,90,90,90,90,90,90,90,90,90,90,90,90,90,90,90,90,90,90,90,90,90,90,90,90,90,90,90,90,90,90,90,90,90,90,90,90,90,90,90,90,90,90,90,90,90,90,90,90,90,90,90,90,-1,-1,90,90,90,90,-1,-1,90,90,90
90,90,90,90,90,90,90,90,90,90,90,90,90,90,90,90,90,90,90,90,90,90,90,90,90,90,90,90,90,90,90,90,90,90,90,90,90,90,90,90,90,90,90,90,90,90,90,90,90,90,90,90,90,90,91,92,90,90,90,-1,90,90,90,90,90,90,90,90,90,90,90,90,91,92,90,90,90,90,90,90,90,90,90,90,90,90,90,90,90,90,90,90,90,90,90,90,90,90,90,90,90,90,90,90,90,90,90,90,90,90,90,90
90,90,90,90,90,90,90,90,90,90,90,90,90,90,90,90,90,90,90,90,90,90,90,90,90,90,90,90,90,90,90,90,90,90,90,90,90,90,90,90,90,90,90,90,90,90,90,90,91,92,93,94,95,96,90,90,90,90,90,-1,-1,-1,90,90,90,90,90,90,90,90,91,92,93,94,90,90,90,90,90,90,90,90,90,90,90,90,90,90,90,90,90,90,90,90,90,90,90,90,90,90,90,90,90,90,90,90,90,90,90,90,90,90
90,90,90,90,90,90,90,90,90,90,90,90,90,90,90,90,90,90,90,90,90,90,90,90,90,90,90,90,90,90,90,90,90,90,90,90,90,90,90,90,90,90,90,90,91,92,90,90,90,90,90,90,90,90,90,90,-1,-1,-1,-1,-1,-1,-1,-1,90,90,90,90,91,92,93,94,95,96,90,90,90,90,90,90,90,90,90,90,90,90,90,90,90,90,90,90,90,90,90,90,90,90,90,90,90,90,90,90,90,90,90,90,90,90,90,90
90,90,90,90,90,90,90,90,90,90,90,90,90,90,90,90,90,90,90,90,90,90,90,90,90,90,90,-1,-1,-1,-1,-1,-1,-1,-1,-1,-1,90,90,90,90,90,90,90,90,90,90,90,90,90,90,90,90,90,90,90,90,-1,-1,-1,-1,-1,-1,-1,90,90,90,90,90,90,90,90,90,90,90,90,90,90,90,90,90,90,90,90,90,90,90,90,90,90,90,90,90,90,90,90,90,90,90,90,90,90,90,90,90,90,90,90,90,90,90,90
90,90,90,90,90,90,90,90,90,90,90,90,90,90,90,90,90,90,90,90,90,90,90,90,90,90,-1,-1,-1,-1,-1,-1,-1,-1,-1,90,-1,90,90,90,90,90,90,90,90,90,90,90,90,90,90,90,90,90,90,90,90,90,90,-1,-1,-1,90,-1,90,90,90,90,90,90,90,90,90,90,90,90,90,90,90,90,90,90,90,90,90,90,90,90,90,90,90,90,90,90,90,90,90,90,90,90,90,90,90,90,90,90,90,90,90,90,90,90
90,90,90,90,90,90,90,90,90,90,90,90,90,90,90,90,90,90,90,90,91,90,90,90,90,90,-1,-1,-1,-1,-1,-1,-1,-1,90,-1,-1,90,90,90,90,90,90,90,90,90,90,90,90,90,90,90,90,90,90,90,90,90,90,90,90,90,90,90,90,90,90,90,90,90,90,90,90,90,90,90,90,90,90,90,90,90,90,90,90,90,90,90,90,90,90,90,90,90,90,90,90,90,90,90,90,90,90,90,90,90,90,90,90,90,90,90
90,90,90,90,90,90,90,90,90,90,90,90,90,90,90,90,90,90,91,90,90,90,90,90,90,90,90,-1,-1,-1,-1,90,90,90,90,90,90,90,90,90,90,90,90,90,90,90,90,90,90,-1,90,90,90,90,90,90,90,90,90,90,90,90,90,90,90,90,90,90,90,90,90,90,90,90,90,90,90,90,90,90,90,90,90,90,90,90,90,90,90,90,90,90,90,90,90,90,90,90,90,90,90,90,90,90,90,90,90,90,90,90,90,90
90,90,90,90,90,90,90,90,90,90,90,90,90,90,90,90,90,91,92,90,90,90,90,90,90,90,90,90,90,90,90,90,90,90,90,90,90,90,90,90,90,90,90,90,90,90,90,-1,-1,-1,-1,-1,90,90,90,90,90,90,90,90,90,90,90,90,90,90,90,90,90,90,90,90,90,90,90,90,90,90,90,90,90,90,90,90,90,90,90,90,90,90,90,90,90,90,90,90,90,90,90,90,90,90,90,90,90,90,90,90,90,90,90,90
90,90,90,90,90,90,90,90,90,90,90,90,90,90,90,91,92,93,94,90,90,90,90,90,90,90,90,90,90,90,90,90,90,90,90,90,90,90,90,90,90,90,90,90,90,90,90,90,90,-1,-1,-1,-1,90,90,90,90,90,90,90,90,90,90,90,90,90,90,90,90,90,90,90,90,-1,-1,-1,-1,90,90,90,90,90,90,90,90,90,90,90,90,90,90,90,90,90,90,90,90,90,90,90,90,90,90,90,90,90,90,90,90,90,90,90
90,90,90,90,90,90,90,90,90,90,90,90,90,91,92,93,94,95,96,90,90,90,90,90,90,90,90,90,90,90,90,90,90,90,90,90,90,90,90,90,90,90,90,90,90,90,90,90,-1,-1,-1,-1,-1,90,90,90,90,90,90,90,90,90,90,90,90,90,90,90,90,90,90,95,96,-1,-1,-1,90,90,90,90,90,90,90,90,90,90,90,90,90,90,90,90,90,90,90,90,90,90,90,90,90,90,90,90,90,90,90,90,90,90,90,90
90,90,90,90,90,90,90,90,90,90,90,91,92,93,90,90,90,90,90,90,90,90,90,90,90,90,90,90,90,90,90,-1,-1,-1,-1,-1,90,90,90,90,90,90,90,90,90,90,90,90,-1,-1,-1,-1,-1,-1,90,90,90,90,90,90,90,90,90,90,90,90,90,90,90,90,90,90,90,90,90,90,90,90,90,90,90,90,90,90,90,90,90,90,90,90,90,90,90,90,90,90,90,90,90,90,90,90,90,90,90,90,90,90,90,90,90,90
90,90,90,90,90,90,90,91,92,93,90,90,90,90,90,90,90,90,90,90,90,90,90,90,90,90,90,90,90,90,90,90,90,-1,-1,90,90,90,90,90,90,90,90,90,90,90,90,90,-1,-1,-1,-1,-1,-1,-1,90,90,90,90,90,90,90,90,90,90,90,90,90,90,90,90,90,90,90,90,90,90,90,90,90,90,90,90,90,90,90,90,90,90,90,90,90,90,90,90,90,90,90,90,90,90,90,90,90,90,90,90,90,90,90,90,90
90,90,90,90,90,90,90,91,92,93,90,90,90,90,90,90,90,90,90,90,90,90,90,90,90,90,90,90,90,90,90,90,90,90,90,90,90,90,90,90,90,90,90,90,90,90,90,-1,-1,-1,-1,-1,-1,-1,-1,90,90,90,90,90,90,90,90,90,90,90,90,90,90,90,90,90,90,90,90,90,90,90,90,90,90,90,90,90,90,90,90,90,90,90,90,90,90,90,90,90,90,90,90,90,90,90,90,90,90,90,90,90,90,90,90,90
90,90,90,90,90,90,90,90,91,92,90,90,90,90,90,90,90,90,90,90,90,90,90,90,90,90,90,90,90,90,90,90,90,90,90,90,90,90,90,-1,-1,-1,-1,90,90,90,90,-1,-1,-1,-1,-1,-1,90,90,90,90,90,90,90,90,90,90,90,90,90,90,90,90,90,90,90,90,90,90,90,90,90,90,90,90,90,90,90,90,90,90,90,90,-1,-1,-1,-1,90,90,90,90,90,90,90,90,90,90,90,90,90,90,90,90,90,90,90
90,90,90,90,90,90,90,90,91,90,90,90,90,90,90,90,90,90,90,90,90,90,90,90,90,90,90,90,90,90,90,90,90,90,90,90,90,90,90,90,-1,-1,-1,90,90,90,90,90,-1,-1,-1,-1,-1,90,90,90,90,90,90,90,90,90,90,90,90,90,90,90,90,90,90,90,90,90,90,90,90,90,90,90,90,90,90,90,90,90,90,90,-1,-1,-1,-1,-1,-1,-1,90,90,90,90,90,90,90,90,90,90,90,90,90,90,90,90,90
90,90,90,90,90,90,90,90,90,90,90,90,90,90,90,90,90,90,90,90,90,90,90,90,91,90,90,90,90,90,90,90,90,90,90,90,90,90,90,90,90,90,90,90,90,90,90,90,90,-1,-1,-1,90,90,90,90,90,90,90,90,90,90,90,90,90,90,90,90,90,90,90,90,90,90,90,90,90,90,90,90,90,90,90,90,90,90,90,90,90,-1,-1,-1,-1,-1,-1,90,90,90,90,90,90,90,90,90,90,90,90,90,90,90,90,90
90,90,90,90,90,90,90,90,90,90,90,90,90,90,90,90,90,90,90,90,91,92,90,90,90,90,90,90,90,90,90,90,90,90,90,90,90,90,90,90,90,90,90,90,90,90,90,90,90,90,90,-1,-1,90,90,91,92,93,94,95,-1,-1,-1,-1,-1,-1,90,90,90,90,90,90,90,90,90,90,90,90,90,90,90,90,90,90,90,90,90,90,90,90,90,90,90,90,90,90,90,90,90,90,90,90,90,90,90,90,90,90,90,90,90,90
90,90,90,90,90,90,90,90,90,90,90,90,90,90,90,90,90,90,90,90,90,90,90,90,90,90,90,90,90,90,90,90,90,90,90,90,90,90,90,90,90,90,90,90,90,91,92,93,94,95,96,90,90,90,90,90,90,90,90,90,90,-1,-1,-1,-1,-1,90,90,90,90,90,90,90,90,90,-1,-1,90,90,90,90,90,90,90,90,90,90,90,90,90,90,90,90,90,90,90,90,90,90,90,90,90,90,90,90,90,90,90,90,90,90,90
90,90,90,90,90,96,90,90,90,90,90,90,90,90,91,92,90,90,90,90,90,90,90,90,90,90,90,90,90,90,90,90,90,90,90,90,90,91,92,93,94,95,96,90,90,90,90,90,90,90,90,90,90,90,90,90,90,90,90,90,90,90,90,-1,-1,-1,90,90,90,90,90,90,90,90,90,-1,-1,-1,-1,-1,90,90,90,90,90,90,90,90,90,90,90,90,90,90,90,90,90,90,90,90,90,90,90,90,90,96,90,90,90,90,90,96
90,90,90,96,96,96,90,90,90,90,90,90,91,92,93,94,90,90,90,90,90,90,90,90,90,90,90,90,90,90,90,90,90,91,92,93,94,95,96,90,90,90,90,90,90,90,91,90,90,90,90,90,90,90,90,90,90,90,90,90,90,90,90,90,90,-1,-1,90,90,90,90,90,90,90,90,-1,-1,-1,-1,-1,-1,-1,90,90,90,90,90,90,90,90,90,90,90,90,90,90,90,90,90,90,90,90,90,96,96,96,90,90,90,96,96,96
90,90,90,90,90,90,90,90,90,90,90,90,90,90,90,90,90,90,90,90,90,90,90,90,90,90,90,90,90,90,93,94,95,96,90,90,90,90,90,90,90,90,90,90,90,90,90,90,90,90,90,90,90,90,90,90,90,90,90,90,90,90,90,90,90,90,90,90,90,90,90,90,90,90,90,-1,-1,-1,-1,-1,-1,-1,-1,90,90,90,90,90,90,90,90,90,90,90,90,90,90,90,90,90,90,90,90,90,90,90,90,90,90,90,90,90
90,90,90,90,90,90,90,90,90,90,90,90,90,90,90,90,90,90,90,-1,-1,-1,-1,-1,90,90,90,90,90,90,90,90,90,90,90,90,90,90,90,90,90,90,90,90,90,90,90,90,90,90,90,90,90,90,90,90,90,90,90,90,90,90,90,90,90,90,90,-1,-1,-1,-1,-1,-1,90,90,90,90,-1,-1,-1,-1,-1,90,90,90,90,90,90,90,90,90,90,90,90,90,90,90,90,90,90,90,90,90,90,90,90,90,90,90,90,90,90
90,90,90,90,90,90,90,90,90,90,90,90,90,90,90,90,90,-1,-1,-1,-1,-1,-1,-1,-1,90,90,90,90,90,90,90,90,90,90,90,90,90,90,90,90,90,90,90,90,90,90,90,90,90,90,90,90,90,90,90,90,90,90,90,90,90,90,90,90,-1,-1,-1,-1,-1,-1,-1,90,90,90,90,90,90,90,90,90,90,90,90,90,90,90,90,90,90,90,90,90,90,90,90,90,90,90,90,90,90,90,90,90,90,90,90,90,90,90,90
90,90,90,90,90,90,90,90,90,90,90,90,90,90,90,90,90,90,90,-1,-1,-1,90,90,90,90,90,90,90,90,90,90,90,90,90,90,90,90,90,90,90,90,90,90,90,90,90,90,90,90,90,90,90,90,90,90,90,90,90,90,90,90,90,90,90,90,90,-1,-1,-1,-1,-1,90,90,90,90,90,90,90,90,90,90,90,90,90,90,90,90,90,90,90,90,90,90,90,90,90,90,90,90,90,90,90,90,90,90,90,90,90,90,90,90
90,90,90,90,90,90,90,90,90,90,90,90,90,90,90,90,90,90,90,90,90,90,90,90,90,90,90,90,90,90,90,90,90,90,90,90,90,90,90,90,90,90,90,90,90,90,90,90,90,90,90,90,90,90,90,90,90,90,90,90,90,90,90,90,90,90,90,90,90,90,90,90,90,90,90,90,90,90,90,90,90,90,90,90,90,90,90,90,90,90,90,90,90,90,90,90,90,90,90,90,90,90,90,90,90,90,90,90,90,90,90,90
90,90,90,90,90,90,90,90,90,90,90,90,90,90,90,90,90,90,90,90,90,90,90,90,90,90,90,90,90,90,90,90,90,90,90,90,90,90,90,90,90,90,90,90,90,90,90,90,90,90,90,90,90,90,90,90,90,90,90,90,90,90,90,90,90,90,90,90,90,90,90,90,90,90,90,90,90,90,90,90,90,90,91,92,93,94,95,96,90,90,90,90,90,90,90,90,90,90,90,90,90,90,90,90,90,90,90,90,90,90,90,90
92,93,90,90,90,90,95,96,90,90,90,90,90,90,90,90,90,90,90,90,90,90,90,90,90,90,90,90,90,90,90,90,90,90,90,90,90,90,90,90,90,90,90,90,90,90,90,90,90,90,90,90,90,90,90,90,90,90,90,90,90,90,90,90,90,90,90,90,90,90,90,90,90,90,90,90,90,90,90,93,94,95,96,90,90,90,90,90,90,90,90,90,90,90,90,90,90,90,90,91,92,93,90,90,90,90,92,93,90,90,90,90
90,90,90,90,90,90,95,96,96,96,96,90,90,90,90,90,90,90,90,90,90,90,90,90,90,90,90,90,90,90,90,90,90,90,90,90,90,90,90,90,90,90,90,90,90,90,90,90,90,90,90,90,90,90,90,90,90,90,90,90,90,90,90,90,90,90,90,90,90,90,90,90,90,90,90,90,90,90,90,96,90,90,90,90,90,90,90,90,90,90,90,91,92,93,94,95,96,90,90,90,90,90,90,90,90,90,90,90,90,90,90,90
90,90,90,90,90,90,91,92,93,94,95,96,96,96,96,90,90,90,90,90,90,90,90,90,90,90,90,90,90,90,90,90,90,90,-1,-1,-1,-1,90,90,90,90,90,90,90,90,90,90,90,90,90,90,90,90,90,90,90,90,90,90,90,90,90,90,90,90,90,90,90,90,90,90,90,90,90,90,90,90,96,90,90,90,90,90,90,91,92,93,94,95,96,90,90,90,90,90,90,90,90,90,90,90,90,90,90,90,90,90,90,90,90,90
90,90,90,90,90,90,90,90,91,92,90,91,92,93,94,90,90,90,90,90,90,90,90,90,90,90,90,90,90,90,90,90,90,-1,-1,-1,-1,-1,-1,90,90,90,90,90,90,90,90,90,90,90,90,90,90,90,90,90,90,90,90,90,90,90,90,90,90,90,90,90,90,90,90,90,90,90,90,90,96,96,90,91,92,93,94,95,96,90,90,90,90,90,90,90,90,90,90,90,90,90,90,90,90,90,90,90,90,90,90,90,90,90,90,90
90,90,90,90,90,90,90,90,91,92,93,94,95,96,96,90,90,90,90,90,90,90,90,90,90,90,90,90,90,90,90,90,90,90,-1,-1,-1,-1,90,90,90,90,90,90,90,90,90,90,90,90,90,90,90,90,90,90,90,90,90,90,90,90,90,90,90,90,90,90,90,90,90,90,90,90,96,96,90,90,93,94,95,90,90,90,90,90,90,90,90,90,90,90,90,90,90,90,90,90,90,90,90,90,90,90,90,90,90,90,90,90,90,90
90,90,90,90,90,90,90,91,92,93,94,95,96,95,90,90,90,90,90,90,90,90,90,90,90,90,90,90,90,90,90,90,90,90,90,90,90,90,90,90,90,90,90,90,90,90,90,90,90,90,90,90,90,90,90,90,90,90,96,96,96,96,96,96,96,96,96,96,90,90,90,96,96,96,90,90,90,90,90,90,90,90,90,90,90,90,90,90,90,90,90,90,90,90,90,90,90,90,90,90,90,90,90,90,90,90,90,90,90,90,90,90
90,90,90,90,90,90,90,90,90,90,90,90,90,90,90,90,90,90,90,90,90,90,90,90,90,90,90,90,90,90,90,90,90,90,90,90,90,90,90,90,90,90,90,90,90,90,96,96,96,96,96,96,-1,-1,96,96,96,96,90,91,92,93,94,95,96,90,90,96,96,96,96,90,90,90,90,90,90,90,90,90,90,90,90,90,90,90,90,90,90,90,90,90,90,90,90,90,90,90,90,-1,90,90,90,90,90,90,90,90,90,90,90,90
90,90,90,90,90,90,90,90,90,90,90,90,90,90,90,90,90,90,90,90,90,90,90,90,90,90,90,90,90,90,90,90,90,90,90,90,90,96,96,96,96,96,96,96,96,96,90,90,90,90,90,90,-1,-1,-1,90,90,90,90,90,90,96,96,96,96,96,96,90,90,90,90,90,90,90,90,90,90,90,90,90,90,90,90,90,90,90,90,90,90,90,90,90,90,90,90,90,90,-1,-1,-1,90,90,90,90,90,90,90,90,90,90,90,90
90,90,90,90,90,90,90,90,90,90,90,90,90,90,90,90,90,90,90,90,90,90,90,90,90,90,90,90,90,90,90,90,90,90,90,90,90,96,96,96,90,90,90,90,90,90,90,90,90,90,90,90,90,90,90,90,90,90,90,90,90,90,90,90,90,90,90,90,90,90,90,90,90,90,90,90,90,90,90,90,-1,-1,90,90,90,90,90,90,90,90,90,90,90,90,90,90,-1,-1,-1,-1,90,90,90,90,90,90,90,90,90,90,90,90
90,90,90,90,90,90,90,90,90,90,90,90,90,90,90,90,90,90,90,90,90,90,90,90,90,90,90,90,90,90,90,90,90,90,90,90,90,90,90,90,90,90,90,96,96,96,96,96,96,96,-1,-1,-1,-1,-1,-1,96,96,96,96,96,90,90,90,90,90,90,90,90,90,90,90,90,90,-1,-1,-1,-1,-1,-1,-1,-1,-1,90,90,90,90,90,90,90,90,90,90,90,-1,-1,-1,-1,-1,-1,90,90,90,90,90,90,90,90,90,90,90,90
90,90,90,90,90,90,90,90,90,90,90,90,90,90,90,90,90,90,90,90,90,90,90,90,90,90,90,90,90,90,90,90,90,90,90,90,90,90,90,90,90,90,90,90,90,90,95,96,96,-1,-1,-1,-1,-1,-1,-1,95,96,96,96,96,96,96,90,90,90,90,90,90,90,90,90,90,90,-1,-1,-1,-1,-1,-1,-1,-1,90,90,90,90,90,90,90,90,90,90,90,90,-1,-1,-1,-1,-1,-1,90,90,90,90,90,90,90,90,90,90,90,90
90,90,90,90,90,90,90,90,90,90,90,90,90,90,90,90,90,90,90,90,90,90,90,90,90,90,90,90,90,90,90,90,90,-1,90,90,90,90,90,90,90,90,90,90,90,90,90,90,90,90,90,90,-1,-1,-1,-1,90,90,91,92,93,94,95,96,96,96,96,96,96,96,96,96,96,96,-1,-1,-1,-1,-1,-1,-1,-1,90,90,90,90,90,90,90,90,90,90,-1,-1,-1,-1,-1,-1,-1,-1,90,90,90,90,90,90,90,90,90,90,90,90
90,90,90,90,90,90,90,90,90,90,90,90,90,90,90,90,90,90,90,90,90,90,90,90,90,90,90,90,90,90,90,90,90,-1,-1,90,90,90,90,90,90,90,90,90,90,90,90,90,90,90,90,90,90,90,90,90,90,90,90,90,90,90,90,91,92,93,94,95,96,90,90,90,90,90,90,90,90,90,90,90,90,90,90,90,90,90,90,90,90,90,90,-1,-1,-1,-1,-1,-1,-1,-1,-1,90,90,90,90,90,90,90,90,90,90,90,90
90,90,90,90,90,90,90,90,90,90,90,90,90,90,90,-1,-1,90,90,90,90,90,90,90,90,90,90,90,90,90,90,90,90,90,-1,-1,-1,-1,90,90,90,90,90,90,90,90,90,90,90,90,90,90,90,90,90,90,90,90,91,92,93,94,95,96,90,90,90,90,90,90,90,90,90,90,90,90,90,90,90,90,90,90,90,90,90,90,90,90,90,90,-1,-1,-1,-1,-1,-1,-1,-1,-1,90,90,90,90,90,90,90,90,90,90,90,90,90
90,90,90,90,90,90,90,90,90,90,90,90,90,90,90,-1,-1,-1,-1,91,92,93,94,95,96,90,90,90,90,90,90,90,90,90,90,90,90,-1,90,90,90,90,90,90,90,90,90,90,90,90,90,90,90,91,92,93,94,95,96,90,90,90,90,90,90,90,90,90,90,90,90,90,90,90,90,90,90,90,90,90,90,90,90,90,90,90,90,90,90,-1,-1,-1,-1,-1,-1,-1,-1,-1,-1,90,90,90,90,90,90,90,90,90,90,90,90,90
90,90,90,90,90,90,90,90,90,90,90,90,90,90,90,-1,-1,-1,-1,90,90,90,90,90,90,90,90,90,90,90,90,90,90,90,90,90,90,90,90,90,90,90,90,90,90,90,91,92,93,94,95,96,90,90,90,90,90,90,90,90,90,90,90,90,90,90,90,90,90,90,90,90,90,90,90,90,90,90,90,90,90,90,90,90,90,90,90,90,90,-1,-1,-1,-1,-1,-1,-1,-1,-1,-1,90,90,90,90,90,90,90,90,90,90,90,90,90
90,90,90,90,90,96,90,90,90,90,90,90,90,90,90,90,90,90,90,90,90,90,90,90,90,90,90,90,90,90,90,90,90,90,90,90,90,90,90,90,90,90,90,90,90,90,90,90,90,90,90,90,90,90,90,90,90,90,90,90,90,90,90,90,90,90,90,90,90,90,90,90,90,90,90,90,90,90,90,90,90,90,90,90,90,90,90,90,90,90,90,90,90,90,90,90,90,90,90,90,90,90,90,90,90,96,90,90,90,90,90,96
90,90,96,96,96,90,90,90,90,90,90,90,90,90,90,90,90,90,90,90,90,90,90,90,90,90,90,90,90,90,90,90,90,90,90,90,90,90,90,90,90,90,90,90,90,90,90,90,90,90,90,90,90,90,90,90,90,90,90,90,90,90,90,90,90,90,90,90,90,90,90,90,90,90,90,90,90,90,90,90,90,90,90,90,90,90,90,90,90,90,90,90,90,90,90,90,90,90,90,90,90,90,96,96,96,90,90,90,96,96,96,90
96,96,90,90,90,90,90,90,90,90,90,90,90,90,90,90,90,90,90,90,90,90,90,90,90,90,90,90,90,90,90,90,90,90,90,90,90,90,90,90,90,90,90,90,90,90,90,90,90,90,90,90,90,90,90,90,90,90,90,90,90,90,90,90,90,90,90,90,90,90,90,90,90,90,90,90,90,90,90,90,90,90,90,90,90,90,90,90,90,90,90,90,90,90,90,90,90,96,96,96,96,96,90,90,90,90,96,96,90,90,90,90
90,90,90,90,90,96,90,90,90,90,90,90,90,90,90,90,90,90,90,90,90,90,90,90,90,90,90,90,90,90,90,90,90,90,90,90,90,90,90,90,90,90,90,90,90,90,90,90,90,90,90,90,90,90,90,90,90,90,90,90,90,90,90,90,90,90,90,90,90,90,90,90,90,90,90,90,90,90,90,90,90,90,90,90,90,90,90,90,90,90,90,90,90,90,90,90,90,90,90,90,90,90,90,90,90,96,90,90,90,90,90,96
96,96,96,96,96,90,90,90,90,90,90,90,90,90,90,90,90,90,90,90,90,90,90,90,90,90,90,90,90,90,90,90,90,90,90,90,90,90,90,90,90,90,90,90,90,90,90,90,90,90,90,90,90,90,90,90,90,90,90,90,90,90,90,90,90,90,90,90,90,90,90,90,90,90,90,90,90,90,90,90,90,90,90,90,90,90,90,90,90,90,90,90,90,90,90,90,90,96,96,96,96,96,96,96,96,90,96,96,96,96,96,90
96,90,90,90,90,90,90,90,90,90,90,90,90,90,90,90,90,90,90,90,90,90,90,90,90,90,90,90,90,90,90,90,90,91,92,93,94,95,96,90,90,90,90,90,90,90,90,90,90,90,90,90,90,90,90,90,90,90,90,90,90,90,90,90,90,90,90,90,90,90,90,90,90,90,90,90,90,90,90,90,90,90,90,90,90,90,90,90,90,90,90,90,90,90,90,90,90,95,96,96,96,90,90,90,90,90,96,90,90,90,90,90
95,96,96,96,96,96,90,90,90,90,90,90,90,90,90,90,90,90,90,90,90,90,90,90,90,90,90,90,90,91,92,93,94,95,96,90,90,90,90,90,90,90,90,90,90,90,90,90,90,90,90,90,90,90,90,90,90,90,90,90,90,90,90,96,90,90,90,90,90,90,90,90,90,90,90,90,90,90,90,90,90,90,90,90,90,90,90,90,90,90,90,90,90,90,96,96,96,92,93,94,95,96,96,96,96,96,95,96,96,96,96,96
